-- phpMyAdmin SQL Dump
-- version 4.1.6
-- http://www.phpmyadmin.net
--
-- Servidor: 127.0.0.1
-- Tiempo de generación: 29-01-2015 a las 13:12:13
-- Versión del servidor: 5.6.16
-- Versión de PHP: 5.5.9

SET SQL_MODE = "NO_AUTO_VALUE_ON_ZERO";
SET time_zone = "+00:00";


/*!40101 SET @OLD_CHARACTER_SET_CLIENT=@@CHARACTER_SET_CLIENT */;
/*!40101 SET @OLD_CHARACTER_SET_RESULTS=@@CHARACTER_SET_RESULTS */;
/*!40101 SET @OLD_COLLATION_CONNECTION=@@COLLATION_CONNECTION */;
/*!40101 SET NAMES utf8 */;

--
-- Base de datos: `mineria`
--

-- --------------------------------------------------------

--
-- Estructura de tabla para la tabla `detalles`
--

CREATE TABLE IF NOT EXISTS `detalles` (
  `id` int(10) unsigned NOT NULL AUTO_INCREMENT,
  `historial_id` int(10) unsigned NOT NULL,
  `url` varchar(255) COLLATE utf8_unicode_ci NOT NULL,
  `palabra_clave` varchar(255) COLLATE utf8_unicode_ci NOT NULL,
  `coincidencias` int(11) NOT NULL,
  `created_at` timestamp NOT NULL DEFAULT '0000-00-00 00:00:00',
  `updated_at` timestamp NOT NULL DEFAULT '0000-00-00 00:00:00',
  PRIMARY KEY (`id`),
  KEY `detalles_historial_id_foreign` (`historial_id`)
) ENGINE=InnoDB  DEFAULT CHARSET=utf8 COLLATE=utf8_unicode_ci AUTO_INCREMENT=59 ;

--
-- Volcado de datos para la tabla `detalles`
--

INSERT INTO `detalles` (`id`, `historial_id`, `url`, `palabra_clave`, `coincidencias`, `created_at`, `updated_at`) VALUES
(1, 5, '', '', 0, '2015-01-29 01:03:57', '2015-01-29 01:03:57'),
(2, 15, 'http://www.amazon.c', 'here', 1, '2015-01-29 01:16:00', '2015-01-29 01:16:00'),
(3, 17, 'http://www.amazon.c', 'here', 1, '2015-01-29 01:26:55', '2015-01-29 01:26:55'),
(4, 210, 'http://mackuil.com', 'INICIO', 1, '2015-01-29 15:58:00', '2015-01-29 15:58:00'),
(5, 210, 'http://mackuil.com', 'INICIO', 1, '2015-01-29 15:58:00', '2015-01-29 15:58:00'),
(6, 210, 'http://mackuil.com', 'INICIO', 1, '2015-01-29 15:58:00', '2015-01-29 15:58:00'),
(7, 210, 'http://mackuil.com', 'INICIO', 1, '2015-01-29 15:58:01', '2015-01-29 15:58:01'),
(8, 210, 'http://mackuil.com', 'INICIO', 1, '2015-01-29 15:58:01', '2015-01-29 15:58:01'),
(9, 210, 'http://mackuil.com', 'INICIO', 1, '2015-01-29 15:58:01', '2015-01-29 15:58:01'),
(10, 210, 'http://mackuil.com', 'INICIO', 1, '2015-01-29 15:58:01', '2015-01-29 15:58:01'),
(11, 210, 'http://mackuil.com', 'INICIO', 1, '2015-01-29 15:58:01', '2015-01-29 15:58:01'),
(12, 210, 'http://mackuil.com', 'INICIO', 1, '2015-01-29 15:58:01', '2015-01-29 15:58:01'),
(13, 210, 'http://mackuil.com', 'INICIO', 1, '2015-01-29 15:58:01', '2015-01-29 15:58:01'),
(14, 210, 'http://mackuil.com', 'INICIO', 1, '2015-01-29 15:58:01', '2015-01-29 15:58:01'),
(15, 210, 'http://mackuil.com', 'INICIO', 1, '2015-01-29 15:58:01', '2015-01-29 15:58:01'),
(16, 210, 'http://mackuil.com', 'INICIO', 1, '2015-01-29 15:58:01', '2015-01-29 15:58:01'),
(17, 210, 'http://mackuil.com', 'INICIO', 1, '2015-01-29 15:58:01', '2015-01-29 15:58:01'),
(18, 210, 'http://mackuil.com', 'INICIO', 1, '2015-01-29 15:58:01', '2015-01-29 15:58:01'),
(19, 210, 'http://mackuil.com', 'INICIO', 1, '2015-01-29 15:58:01', '2015-01-29 15:58:01'),
(20, 210, 'http://mackuil.com', 'INICIO', 1, '2015-01-29 15:58:01', '2015-01-29 15:58:01'),
(21, 210, 'http://mackuil.com', 'INICIO', 1, '2015-01-29 15:58:01', '2015-01-29 15:58:01'),
(22, 210, 'http://mackuil.com', 'INICIO', 1, '2015-01-29 15:58:01', '2015-01-29 15:58:01'),
(23, 210, 'http://mackuil.com', 'INICIO', 1, '2015-01-29 15:58:01', '2015-01-29 15:58:01'),
(24, 210, 'http://mackuil.com', 'INICIO', 1, '2015-01-29 15:58:01', '2015-01-29 15:58:01'),
(25, 210, 'http://mackuil.com', 'INICIO', 1, '2015-01-29 15:58:01', '2015-01-29 15:58:01'),
(26, 210, 'http://mackuil.com', 'INICIO', 1, '2015-01-29 15:58:01', '2015-01-29 15:58:01'),
(27, 210, 'http://mackuil.com', 'INICIO', 1, '2015-01-29 15:58:01', '2015-01-29 15:58:01'),
(28, 210, 'http://mackuil.com', 'INICIO', 1, '2015-01-29 15:58:01', '2015-01-29 15:58:01'),
(29, 210, 'http://mackuil.com', 'INICIO', 1, '2015-01-29 15:58:01', '2015-01-29 15:58:01'),
(30, 210, 'http://mackuil.com', 'INICIO', 1, '2015-01-29 15:58:01', '2015-01-29 15:58:01'),
(31, 210, 'http://mackuil.com', 'INICIO', 1, '2015-01-29 15:58:01', '2015-01-29 15:58:01'),
(32, 210, 'http://mackuil.com', 'INICIO', 1, '2015-01-29 15:58:01', '2015-01-29 15:58:01'),
(33, 210, 'http://mackuil.com', 'INICIO', 1, '2015-01-29 15:58:01', '2015-01-29 15:58:01'),
(34, 210, 'http://mackuil.com', 'INICIO', 1, '2015-01-29 15:58:01', '2015-01-29 15:58:01'),
(35, 210, 'http://mackuil.com', 'INICIO', 1, '2015-01-29 15:58:01', '2015-01-29 15:58:01'),
(36, 210, 'http://mackuil.com', 'INICIO', 1, '2015-01-29 15:58:01', '2015-01-29 15:58:01'),
(37, 210, 'http://mackuil.com', 'INICIO', 1, '2015-01-29 15:58:01', '2015-01-29 15:58:01'),
(38, 210, 'http://mackuil.com', 'INICIO', 1, '2015-01-29 15:58:01', '2015-01-29 15:58:01'),
(39, 210, 'http://mackuil.com', 'INICIO', 1, '2015-01-29 15:58:01', '2015-01-29 15:58:01'),
(40, 210, 'http://mackuil.com', 'INICIO', 1, '2015-01-29 15:58:01', '2015-01-29 15:58:01'),
(41, 210, 'http://mackuil.com', 'INICIO', 1, '2015-01-29 15:58:01', '2015-01-29 15:58:01'),
(42, 210, 'http://mackuil.com', 'INICIO', 1, '2015-01-29 15:58:01', '2015-01-29 15:58:01'),
(43, 210, 'http://mackuil.com', 'INICIO', 1, '2015-01-29 15:58:01', '2015-01-29 15:58:01'),
(44, 210, 'http://mackuil.com', 'INICIO', 1, '2015-01-29 15:58:01', '2015-01-29 15:58:01'),
(45, 210, 'http://mackuil.com', 'INICIO', 1, '2015-01-29 15:58:01', '2015-01-29 15:58:01'),
(46, 210, 'http://mackuil.com', 'INICIO', 1, '2015-01-29 15:58:01', '2015-01-29 15:58:01'),
(47, 210, 'http://mackuil.com', 'INICIO', 1, '2015-01-29 15:58:01', '2015-01-29 15:58:01'),
(48, 210, 'http://mackuil.com', 'INICIO', 1, '2015-01-29 15:58:01', '2015-01-29 15:58:01'),
(49, 210, 'http://mackuil.com', 'INICIO', 1, '2015-01-29 15:58:01', '2015-01-29 15:58:01'),
(50, 210, 'http://mackuil.com', 'INICIO', 1, '2015-01-29 15:58:01', '2015-01-29 15:58:01'),
(51, 210, 'http://mackuil.com', 'INICIO', 1, '2015-01-29 15:58:01', '2015-01-29 15:58:01'),
(52, 210, 'http://mackuil.com', 'INICIO', 1, '2015-01-29 15:58:01', '2015-01-29 15:58:01'),
(53, 210, 'http://mackuil.com', 'INICIO', 1, '2015-01-29 15:58:01', '2015-01-29 15:58:01'),
(54, 211, 'http://www.amazon.com/', 'here', 1, '2015-01-29 16:11:25', '2015-01-29 16:11:25'),
(55, 212, 'http://www.amazon.com/', 'here', 1, '2015-01-29 16:15:36', '2015-01-29 16:15:36'),
(56, 213, 'http://www.google.com.mx/?gfe_rd=cr&ei=OwvKVOGHD4yO8QehnICoDw', 'here', 1, '2015-01-29 16:28:05', '2015-01-29 16:28:05'),
(57, 214, 'http://www.google.com.mx/?gfe_rd=cr&ei=2gvKVLuxBoqO8QfPpICQDw', 'here', 1, '2015-01-29 16:30:44', '2015-01-29 16:30:44'),
(58, 216, 'http://www.google.com.mx/?gfe_rd=cr&ei=jA3KVIWlMYGO8QenqIHwDA', 'here', 1, '2015-01-29 16:37:59', '2015-01-29 16:37:59');

-- --------------------------------------------------------

--
-- Estructura de tabla para la tabla `historial`
--

CREATE TABLE IF NOT EXISTS `historial` (
  `id` int(10) unsigned NOT NULL AUTO_INCREMENT,
  `url` varchar(255) COLLATE utf8_unicode_ci NOT NULL,
  `created_at` timestamp NOT NULL DEFAULT '0000-00-00 00:00:00',
  `updated_at` timestamp NOT NULL DEFAULT '0000-00-00 00:00:00',
  PRIMARY KEY (`id`)
) ENGINE=InnoDB  DEFAULT CHARSET=utf8 COLLATE=utf8_unicode_ci AUTO_INCREMENT=236 ;

--
-- Volcado de datos para la tabla `historial`
--

INSERT INTO `historial` (`id`, `url`, `created_at`, `updated_at`) VALUES
(1, 'amazon.com', '2015-01-29 00:44:06', '2015-01-29 00:44:06'),
(2, 'amazon.com', '2015-01-29 00:53:22', '2015-01-29 00:53:22'),
(3, 'amazon.com', '2015-01-29 00:56:57', '2015-01-29 00:56:57'),
(4, 'amazon.com', '2015-01-29 01:00:27', '2015-01-29 01:00:27'),
(5, 'amazon.com', '2015-01-29 01:03:56', '2015-01-29 01:03:56'),
(6, 'amazon.com', '2015-01-29 01:05:44', '2015-01-29 01:05:44'),
(7, 'amazon.com', '2015-01-29 01:06:14', '2015-01-29 01:06:14'),
(8, 'amazon.com', '2015-01-29 01:07:21', '2015-01-29 01:07:21'),
(9, 'amazon.com', '2015-01-29 01:09:15', '2015-01-29 01:09:15'),
(10, 'amazon.com', '2015-01-29 01:09:50', '2015-01-29 01:09:50'),
(11, 'amazon.com', '2015-01-29 01:11:42', '2015-01-29 01:11:42'),
(12, 'amazon.com', '2015-01-29 01:15:04', '2015-01-29 01:15:04'),
(13, 'amazon.com', '2015-01-29 01:15:26', '2015-01-29 01:15:26'),
(14, 'amazon.com', '2015-01-29 01:15:37', '2015-01-29 01:15:37'),
(15, 'amazon.com', '2015-01-29 01:16:00', '2015-01-29 01:16:00'),
(16, 'mackuil.com', '2015-01-29 01:16:27', '2015-01-29 01:16:27'),
(17, 'amazon.com', '2015-01-29 01:26:55', '2015-01-29 01:26:55'),
(18, 'amazon.com', '2015-01-29 01:57:50', '2015-01-29 01:57:50'),
(19, 'amazon.com', '2015-01-29 02:05:18', '2015-01-29 02:05:18'),
(20, 'amazon.com', '2015-01-29 02:06:26', '2015-01-29 02:06:26'),
(21, 'amazon.com', '2015-01-29 02:13:54', '2015-01-29 02:13:54'),
(22, 'amazon.com', '2015-01-29 02:22:15', '2015-01-29 02:22:15'),
(23, 'amazon.com', '2015-01-29 02:25:47', '2015-01-29 02:25:47'),
(24, 'amazon.com', '2015-01-29 02:27:25', '2015-01-29 02:27:25'),
(25, 'amazon.com', '2015-01-29 02:32:32', '2015-01-29 02:32:32'),
(26, 'amazon.com', '2015-01-29 02:33:15', '2015-01-29 02:33:15'),
(27, 'google.com', '2015-01-29 02:39:24', '2015-01-29 02:39:24'),
(28, 'google.com', '2015-01-29 02:41:05', '2015-01-29 02:41:05'),
(29, 'amazon.com', '2015-01-29 02:41:54', '2015-01-29 02:41:54'),
(30, 'amazon.com', '2015-01-29 02:43:28', '2015-01-29 02:43:28'),
(31, 'google.com', '2015-01-29 02:46:10', '2015-01-29 02:46:10'),
(32, 'google.com', '2015-01-29 02:46:29', '2015-01-29 02:46:29'),
(33, 'amazon.com', '2015-01-29 02:48:02', '2015-01-29 02:48:02'),
(34, 'google.com', '2015-01-29 02:48:20', '2015-01-29 02:48:20'),
(35, 'google.com', '2015-01-29 02:49:40', '2015-01-29 02:49:40'),
(36, 'google.com', '2015-01-29 02:51:09', '2015-01-29 02:51:09'),
(37, 'google.com', '2015-01-29 02:53:02', '2015-01-29 02:53:02'),
(38, 'google.com', '2015-01-29 02:55:26', '2015-01-29 02:55:26'),
(39, 'google.com', '2015-01-29 02:57:15', '2015-01-29 02:57:15'),
(40, 'google.com', '2015-01-29 02:58:16', '2015-01-29 02:58:16'),
(41, 'amazon.com', '2015-01-29 02:58:39', '2015-01-29 02:58:39'),
(42, 'amazon.com', '2015-01-29 03:19:40', '2015-01-29 03:19:40'),
(43, 'google.com', '2015-01-29 03:53:25', '2015-01-29 03:53:25'),
(44, 'google.com', '2015-01-29 03:57:31', '2015-01-29 03:57:31'),
(45, 'google.com', '2015-01-29 04:24:21', '2015-01-29 04:24:21'),
(46, 'mackuil.com', '2015-01-29 04:28:39', '2015-01-29 04:28:39'),
(47, 'google.com', '2015-01-29 04:32:03', '2015-01-29 04:32:03'),
(48, 'google.com', '2015-01-29 04:36:50', '2015-01-29 04:36:50'),
(49, 'amazon.com', '2015-01-29 04:37:05', '2015-01-29 04:37:05'),
(50, 'mackuil.com', '2015-01-29 04:37:13', '2015-01-29 04:37:13'),
(51, 'mackuil.com', '2015-01-29 04:37:32', '2015-01-29 04:37:32'),
(52, 'mackuil.com', '2015-01-29 04:39:08', '2015-01-29 04:39:08'),
(53, 'amazon.com', '2015-01-29 04:40:30', '2015-01-29 04:40:30'),
(54, 'amazon.com', '2015-01-29 04:42:17', '2015-01-29 04:42:17'),
(55, 'amazon.com', '2015-01-29 04:44:57', '2015-01-29 04:44:57'),
(56, 'amazon.com', '2015-01-29 04:45:47', '2015-01-29 04:45:47'),
(57, 'facebook.com', '2015-01-29 04:46:38', '2015-01-29 04:46:38'),
(58, 'facebook.com', '2015-01-29 04:46:59', '2015-01-29 04:46:59'),
(59, 'facebook.com', '2015-01-29 04:48:15', '2015-01-29 04:48:15'),
(60, 'facebook.com', '2015-01-29 04:50:55', '2015-01-29 04:50:55'),
(61, 'mackuil.com', '2015-01-29 05:24:10', '2015-01-29 05:24:10'),
(62, 'amazon.com', '2015-01-29 05:28:12', '2015-01-29 05:28:12'),
(63, 'facebook.com', '2015-01-29 05:28:21', '2015-01-29 05:28:21'),
(64, 'amazon.com', '2015-01-29 05:30:23', '2015-01-29 05:30:23'),
(65, 'amazon.com', '2015-01-29 05:30:48', '2015-01-29 05:30:48'),
(66, 'facebook.com', '2015-01-29 05:31:09', '2015-01-29 05:31:09'),
(67, 'amazon.com', '2015-01-29 05:40:05', '2015-01-29 05:40:05'),
(68, 'mackuil.com', '2015-01-29 05:40:30', '2015-01-29 05:40:30'),
(69, 'facebook.com', '2015-01-29 05:41:27', '2015-01-29 05:41:27'),
(70, 'google.com', '2015-01-29 05:41:38', '2015-01-29 05:41:38'),
(71, 'amazon.com', '2015-01-29 05:42:02', '2015-01-29 05:42:02'),
(72, 'amazon.com', '2015-01-29 05:45:20', '2015-01-29 05:45:20'),
(73, 'amazon.com', '2015-01-29 05:49:05', '2015-01-29 05:49:05'),
(74, 'amazon.com', '2015-01-29 05:52:28', '2015-01-29 05:52:28'),
(75, 'amazon.com', '2015-01-29 05:54:03', '2015-01-29 05:54:03'),
(76, 'amazon.com', '2015-01-29 05:55:42', '2015-01-29 05:55:42'),
(77, 'amazon.com', '2015-01-29 05:55:57', '2015-01-29 05:55:57'),
(78, 'amazon.com', '2015-01-29 05:56:11', '2015-01-29 05:56:11'),
(79, 'amazon.com', '2015-01-29 06:00:42', '2015-01-29 06:00:42'),
(80, 'amazon.com', '2015-01-29 06:05:03', '2015-01-29 06:05:03'),
(81, 'amazon.com', '2015-01-29 06:05:50', '2015-01-29 06:05:50'),
(82, 'mackuil.com', '2015-01-29 06:07:35', '2015-01-29 06:07:35'),
(83, 'mackuil.com', '2015-01-29 06:08:08', '2015-01-29 06:08:08'),
(84, 'google.com', '2015-01-29 06:08:39', '2015-01-29 06:08:39'),
(85, 'google.com', '2015-01-29 06:12:53', '2015-01-29 06:12:53'),
(86, 'google.com', '2015-01-29 06:15:02', '2015-01-29 06:15:02'),
(87, 'google.com', '2015-01-29 06:18:10', '2015-01-29 06:18:10'),
(88, 'google.com', '2015-01-29 06:18:44', '2015-01-29 06:18:44'),
(89, 'google.com', '2015-01-29 06:19:25', '2015-01-29 06:19:25'),
(90, 'amazon.com', '2015-01-29 06:20:35', '2015-01-29 06:20:35'),
(91, 'amazon.com', '2015-01-29 06:25:31', '2015-01-29 06:25:31'),
(92, 'amazon.com', '2015-01-29 06:26:59', '2015-01-29 06:26:59'),
(93, 'amazon.com', '2015-01-29 06:27:31', '2015-01-29 06:27:31'),
(94, 'amazon.com', '2015-01-29 06:27:52', '2015-01-29 06:27:52'),
(95, 'amazon.com', '2015-01-29 06:28:23', '2015-01-29 06:28:23'),
(96, 'amazon.com', '2015-01-29 06:30:10', '2015-01-29 06:30:10'),
(97, 'amazon.com', '2015-01-29 06:33:11', '2015-01-29 06:33:11'),
(98, 'amazon.com', '2015-01-29 06:34:48', '2015-01-29 06:34:48'),
(99, 'amazon.com', '2015-01-29 06:37:19', '2015-01-29 06:37:19'),
(100, 'mackuil.com', '2015-01-29 06:37:33', '2015-01-29 06:37:33'),
(101, 'google.com', '2015-01-29 06:38:05', '2015-01-29 06:38:05'),
(102, 'google.com', '2015-01-29 06:39:03', '2015-01-29 06:39:03'),
(103, 'google.com', '2015-01-29 06:40:09', '2015-01-29 06:40:09'),
(104, 'google.com', '2015-01-29 06:41:28', '2015-01-29 06:41:28'),
(105, 'amazon.com', '2015-01-29 06:45:56', '2015-01-29 06:45:56'),
(106, 'facebook.com', '2015-01-29 06:46:13', '2015-01-29 06:46:13'),
(107, 'facebook.com', '2015-01-29 06:46:45', '2015-01-29 06:46:45'),
(108, 'amazon.com', '2015-01-29 06:46:59', '2015-01-29 06:46:59'),
(109, 'mackuil.com', '2015-01-29 06:47:10', '2015-01-29 06:47:10'),
(110, 'amazon.com', '2015-01-29 09:06:15', '2015-01-29 09:06:15'),
(111, 'amazon.com', '2015-01-29 10:46:51', '2015-01-29 10:46:51'),
(112, 'google.com', '2015-01-29 10:51:28', '2015-01-29 10:51:28'),
(113, 'google.com', '2015-01-29 10:52:19', '2015-01-29 10:52:19'),
(114, 'amazon.com', '2015-01-29 10:54:00', '2015-01-29 10:54:00'),
(115, 'mackuil.com', '2015-01-29 10:54:28', '2015-01-29 10:54:28'),
(116, 'mackuil.com', '2015-01-29 10:54:52', '2015-01-29 10:54:52'),
(117, 'facebook.com', '2015-01-29 10:55:45', '2015-01-29 10:55:45'),
(118, 'amazon.com', '2015-01-29 11:33:51', '2015-01-29 11:33:51'),
(119, 'mackuil.com', '2015-01-29 11:34:04', '2015-01-29 11:34:04'),
(120, 'mackuil.com', '2015-01-29 11:52:29', '2015-01-29 11:52:29'),
(121, 'mackuil.com', '2015-01-29 11:52:55', '2015-01-29 11:52:55'),
(122, 'mackuil.com', '2015-01-29 11:56:09', '2015-01-29 11:56:09'),
(123, 'mackuil.com', '2015-01-29 11:59:45', '2015-01-29 11:59:45'),
(124, 'mackuil.com', '2015-01-29 12:01:24', '2015-01-29 12:01:24'),
(125, 'mackuil.com', '2015-01-29 12:02:05', '2015-01-29 12:02:05'),
(126, 'mackuil.com', '2015-01-29 12:04:24', '2015-01-29 12:04:24'),
(127, 'mackuil.com', '2015-01-29 12:07:14', '2015-01-29 12:07:14'),
(128, 'mackuil.com', '2015-01-29 12:07:51', '2015-01-29 12:07:51'),
(129, 'mackuil.com', '2015-01-29 12:09:02', '2015-01-29 12:09:02'),
(130, 'mackuil.com', '2015-01-29 12:10:09', '2015-01-29 12:10:09'),
(131, 'mackuil.com', '2015-01-29 12:13:17', '2015-01-29 12:13:17'),
(132, 'mackuil.com', '2015-01-29 12:16:51', '2015-01-29 12:16:51'),
(133, 'mackuil.com', '2015-01-29 12:23:51', '2015-01-29 12:23:51'),
(134, 'mackuil.com', '2015-01-29 12:25:15', '2015-01-29 12:25:15'),
(135, 'mackuil.com', '2015-01-29 12:27:16', '2015-01-29 12:27:16'),
(136, 'mackuil.com', '2015-01-29 12:29:59', '2015-01-29 12:29:59'),
(137, 'mackuil.com', '2015-01-29 12:32:03', '2015-01-29 12:32:03'),
(138, 'mackuil.com', '2015-01-29 12:33:20', '2015-01-29 12:33:20'),
(139, 'mackuil.com', '2015-01-29 12:35:26', '2015-01-29 12:35:26'),
(140, 'mackuil.com', '2015-01-29 12:37:02', '2015-01-29 12:37:02'),
(141, 'mackuil.com', '2015-01-29 12:48:04', '2015-01-29 12:48:04'),
(142, 'mackuil.com', '2015-01-29 12:49:31', '2015-01-29 12:49:31'),
(143, 'mackuil.com', '2015-01-29 12:53:37', '2015-01-29 12:53:37'),
(144, 'mackuil.com', '2015-01-29 12:54:20', '2015-01-29 12:54:20'),
(145, 'mackuil.com', '2015-01-29 12:57:00', '2015-01-29 12:57:00'),
(146, 'mackuil.com', '2015-01-29 12:57:15', '2015-01-29 12:57:15'),
(147, 'mackuil.com', '2015-01-29 12:57:54', '2015-01-29 12:57:54'),
(148, 'mackuil.com', '2015-01-29 13:02:36', '2015-01-29 13:02:36'),
(149, 'mackuil.com', '2015-01-29 13:03:21', '2015-01-29 13:03:21'),
(150, 'mackuil.com', '2015-01-29 13:07:39', '2015-01-29 13:07:39'),
(151, 'mackuil.com', '2015-01-29 13:13:46', '2015-01-29 13:13:46'),
(152, 'mackuil.com', '2015-01-29 13:17:57', '2015-01-29 13:17:57'),
(153, 'mackuil.com', '2015-01-29 13:19:14', '2015-01-29 13:19:14'),
(154, 'mackuil.com', '2015-01-29 13:20:17', '2015-01-29 13:20:17'),
(155, 'mackuil.com', '2015-01-29 13:21:01', '2015-01-29 13:21:01'),
(156, 'mackuil.com', '2015-01-29 13:21:26', '2015-01-29 13:21:26'),
(157, 'mackuil.com', '2015-01-29 13:23:04', '2015-01-29 13:23:04'),
(158, 'mackuil.com', '2015-01-29 13:24:32', '2015-01-29 13:24:32'),
(159, 'mackuil.com', '2015-01-29 13:25:16', '2015-01-29 13:25:16'),
(160, 'mackuil.com', '2015-01-29 13:26:01', '2015-01-29 13:26:01'),
(161, 'mackuil.com', '2015-01-29 13:26:22', '2015-01-29 13:26:22'),
(162, 'mackuil.com', '2015-01-29 13:30:06', '2015-01-29 13:30:06'),
(163, 'mackuil.com', '2015-01-29 13:30:55', '2015-01-29 13:30:55'),
(164, 'mackuil.com', '2015-01-29 13:32:02', '2015-01-29 13:32:02'),
(165, 'mackuil.com', '2015-01-29 13:32:34', '2015-01-29 13:32:34'),
(166, 'mackuil.com', '2015-01-29 13:35:13', '2015-01-29 13:35:13'),
(167, 'mackuil.com', '2015-01-29 13:39:05', '2015-01-29 13:39:05'),
(168, 'mackuil.com', '2015-01-29 13:39:33', '2015-01-29 13:39:33'),
(169, 'mackuil.com', '2015-01-29 13:40:05', '2015-01-29 13:40:05'),
(170, 'mackuil.com', '2015-01-29 13:40:51', '2015-01-29 13:40:51'),
(171, 'mackuil.com', '2015-01-29 13:41:28', '2015-01-29 13:41:28'),
(172, 'mackuil.com', '2015-01-29 13:41:58', '2015-01-29 13:41:58'),
(173, 'mackuil.com', '2015-01-29 13:43:38', '2015-01-29 13:43:38'),
(174, 'mackuil.com', '2015-01-29 13:44:30', '2015-01-29 13:44:30'),
(175, 'mackuil.com', '2015-01-29 13:45:00', '2015-01-29 13:45:00'),
(176, 'mackuil.com', '2015-01-29 13:45:43', '2015-01-29 13:45:43'),
(177, 'mackuil.com', '2015-01-29 13:46:43', '2015-01-29 13:46:43'),
(178, 'mackuil.com', '2015-01-29 13:48:08', '2015-01-29 13:48:08'),
(179, 'mackuil.com', '2015-01-29 13:50:13', '2015-01-29 13:50:13'),
(180, 'mackuil.com', '2015-01-29 13:50:36', '2015-01-29 13:50:36'),
(181, 'mackuil.com', '2015-01-29 13:51:25', '2015-01-29 13:51:25'),
(182, 'mackuil.com', '2015-01-29 13:56:54', '2015-01-29 13:56:54'),
(183, 'mackuil.com', '2015-01-29 14:14:16', '2015-01-29 14:14:16'),
(184, 'mackuil.com', '2015-01-29 14:17:41', '2015-01-29 14:17:41'),
(185, 'mackuil.com', '2015-01-29 14:26:26', '2015-01-29 14:26:26'),
(186, 'mackuil.com', '2015-01-29 14:29:00', '2015-01-29 14:29:00'),
(187, 'mackuil.com', '2015-01-29 14:31:09', '2015-01-29 14:31:09'),
(188, 'mackuil.com', '2015-01-29 14:32:53', '2015-01-29 14:32:53'),
(189, 'mackuil.com', '2015-01-29 14:35:57', '2015-01-29 14:35:57'),
(190, 'mackuil.com', '2015-01-29 14:36:40', '2015-01-29 14:36:40'),
(191, 'mackuil.com', '2015-01-29 14:41:08', '2015-01-29 14:41:08'),
(192, 'mackuil.com', '2015-01-29 14:43:38', '2015-01-29 14:43:38'),
(193, 'mackuil.com', '2015-01-29 14:49:21', '2015-01-29 14:49:21'),
(194, 'google.com', '2015-01-29 15:11:05', '2015-01-29 15:11:05'),
(195, 'google.com', '2015-01-29 15:22:19', '2015-01-29 15:22:19'),
(196, 'mackuil.com', '2015-01-29 15:22:47', '2015-01-29 15:22:47'),
(197, 'google.com', '2015-01-29 15:25:31', '2015-01-29 15:25:31'),
(198, 'facebook.com', '2015-01-29 15:26:02', '2015-01-29 15:26:02'),
(199, 'facebook.com', '2015-01-29 15:26:17', '2015-01-29 15:26:17'),
(200, 'facebook.com', '2015-01-29 15:31:14', '2015-01-29 15:31:14'),
(201, 'facebook.com', '2015-01-29 15:38:32', '2015-01-29 15:38:32'),
(202, 'facebook.com', '2015-01-29 15:41:22', '2015-01-29 15:41:22'),
(203, 'facebook.com', '2015-01-29 15:41:45', '2015-01-29 15:41:45'),
(204, 'mackuil.com', '2015-01-29 15:41:56', '2015-01-29 15:41:56'),
(205, 'mackuil.com', '2015-01-29 15:42:26', '2015-01-29 15:42:26'),
(206, 'facebook.com', '2015-01-29 15:43:01', '2015-01-29 15:43:01'),
(207, 'facebook.com', '2015-01-29 15:44:47', '2015-01-29 15:44:47'),
(208, 'mackuil.com', '2015-01-29 15:54:22', '2015-01-29 15:54:22'),
(209, 'mackuil.com', '2015-01-29 15:55:28', '2015-01-29 15:55:28'),
(210, 'mackuil.com', '2015-01-29 15:57:52', '2015-01-29 15:57:52'),
(211, 'amazon.com', '2015-01-29 16:11:25', '2015-01-29 16:11:25'),
(212, 'amazon.com', '2015-01-29 16:15:35', '2015-01-29 16:15:35'),
(213, 'google.com', '2015-01-29 16:28:04', '2015-01-29 16:28:04'),
(214, 'google.com', '2015-01-29 16:30:44', '2015-01-29 16:30:44'),
(215, 'google.com', '2015-01-29 16:36:57', '2015-01-29 16:36:57'),
(216, 'google.com', '2015-01-29 16:37:59', '2015-01-29 16:37:59'),
(217, 'google.com', '2015-01-29 16:38:27', '2015-01-29 16:38:27'),
(218, 'google.com', '2015-01-29 16:46:16', '2015-01-29 16:46:16'),
(219, 'google.com', '2015-01-29 16:48:15', '2015-01-29 16:48:15'),
(220, 'google.com', '2015-01-29 16:53:07', '2015-01-29 16:53:07'),
(221, 'google.com', '2015-01-29 16:53:43', '2015-01-29 16:53:43'),
(222, 'google.com', '2015-01-29 16:55:28', '2015-01-29 16:55:28'),
(223, 'amazon.com', '2015-01-29 16:56:07', '2015-01-29 16:56:07'),
(224, 'mackuil.com', '2015-01-29 16:56:19', '2015-01-29 16:56:19'),
(225, 'amazon.com', '2015-01-29 17:00:22', '2015-01-29 17:00:22'),
(226, 'amazon.com', '2015-01-29 17:04:56', '2015-01-29 17:04:56'),
(227, 'amazon.com', '2015-01-29 17:08:16', '2015-01-29 17:08:16'),
(228, 'amazon.com', '2015-01-29 17:09:09', '2015-01-29 17:09:09'),
(229, 'mackuil.com', '2015-01-29 17:09:22', '2015-01-29 17:09:22'),
(230, 'google.com', '2015-01-29 17:27:52', '2015-01-29 17:27:52'),
(231, 'amazon.com', '2015-01-29 17:29:41', '2015-01-29 17:29:41'),
(232, 'google.com', '2015-01-29 17:51:17', '2015-01-29 17:51:17'),
(233, 'facebook.com', '2015-01-29 17:55:45', '2015-01-29 17:55:45'),
(234, 'mackuil.com', '2015-01-29 18:00:32', '2015-01-29 18:00:32'),
(235, 'google.com', '2015-01-29 18:08:51', '2015-01-29 18:08:51');

-- --------------------------------------------------------

--
-- Estructura de tabla para la tabla `migrations`
--

CREATE TABLE IF NOT EXISTS `migrations` (
  `migration` varchar(255) COLLATE utf8_unicode_ci NOT NULL,
  `batch` int(11) NOT NULL
) ENGINE=InnoDB DEFAULT CHARSET=utf8 COLLATE=utf8_unicode_ci;

--
-- Volcado de datos para la tabla `migrations`
--

INSERT INTO `migrations` (`migration`, `batch`) VALUES
('2015_01_26_221738_create_historial_table', 1),
('2015_01_26_221757_create_detalles_table', 1);

--
-- Restricciones para tablas volcadas
--

--
-- Filtros para la tabla `detalles`
--
ALTER TABLE `detalles`
  ADD CONSTRAINT `detalles_historial_id_foreign` FOREIGN KEY (`historial_id`) REFERENCES `historial` (`id`);

/*!40101 SET CHARACTER_SET_CLIENT=@OLD_CHARACTER_SET_CLIENT */;
/*!40101 SET CHARACTER_SET_RESULTS=@OLD_CHARACTER_SET_RESULTS */;
/*!40101 SET COLLATION_CONNECTION=@OLD_COLLATION_CONNECTION */;
